{
    "foreground_intensity_properties_per_channel": {
        "0": {
            "max": 3071.0,
            "mean": 1093.0230712890625,
            "median": 1110.0,
            "min": -3024.0,
            "percentile_00_5": 0.0,
            "percentile_99_5": 2858.0,
            "std": 572.5859375
        }
    },
    "median_relative_size_after_cropping": 1.0,
    "shapes_after_crop": [
        [
            102,
            512,
            512
        ],
        [
            121,
            512,
            512
        ],
        [
            109,
            512,
            512
        ],
        [
            121,
            512,
            512
        ],
        [
            121,
            512,
            512
        ],
        [
            121,
            512,
            512
        ],
        [
            121,
            512,
            512
        ],
        [
            121,
            512,
            512
        ],
        [
            121,
            512,
            512
        ],
        [
            121,
            512,
            512
        ],
        [
            121,
            512,
            512
        ],
        [
            136,
            512,
            512
        ],
        [
            105,
            512,
            512
        ],
        [
            135,
            512,
            512
        ],
        [
            121,
            512,
            512
        ],
        [
            91,
            512,
            512
        ],
        [
            112,
            512,
            512
        ],
        [
            121,
            512,
            512
        ],
        [
            99,
            512,
            512
        ],
        [
            121,
            512,
            512
        ],
        [
            104,
            512,
            512
        ],
        [
            156,
            512,
            512
        ],
        [
            103,
            512,
            512
        ],
        [
            99,
            512,
            512
        ],
        [
            128,
            512,
            512
        ],
        [
            155,
            512,
            512
        ],
        [
            121,
            512,
            512
        ],
        [
            121,
            512,
            512
        ],
        [
            116,
            512,
            512
        ],
        [
            108,
            512,
            512
        ],
        [
            136,
            512,
            512
        ],
        [
            121,
            512,
            512
        ],
        [
            114,
            512,
            512
        ],
        [
            121,
            512,
            512
        ],
        [
            128,
            512,
            512
        ],
        [
            124,
            512,
            512
        ],
        [
            192,
            512,
            512
        ],
        [
            121,
            512,
            512
        ],
        [
            121,
            512,
            512
        ],
        [
            121,
            512,
            512
        ],
        [
            121,
            512,
            512
        ],
        [
            129,
            512,
            512
        ],
        [
            121,
            512,
            512
        ],
        [
            146,
            512,
            512
        ],
        [
            140,
            512,
            512
        ],
        [
            121,
            512,
            512
        ],
        [
            174,
            512,
            512
        ],
        [
            121,
            512,
            512
        ],
        [
            128,
            512,
            512
        ],
        [
            133,
            512,
            512
        ],
        [
            121,
            512,
            512
        ],
        [
            109,
            512,
            512
        ],
        [
            143,
            512,
            512
        ],
        [
            121,
            512,
            512
        ],
        [
            110,
            512,
            512
        ],
        [
            121,
            512,
            512
        ],
        [
            121,
            512,
            512
        ],
        [
            121,
            512,
            512
        ],
        [
            115,
            512,
            512
        ],
        [
            121,
            512,
            512
        ],
        [
            112,
            512,
            512
        ],
        [
            121,
            512,
            512
        ],
        [
            111,
            512,
            512
        ],
        [
            102,
            512,
            512
        ]
    ],